epoch;accuracy;loss;val_accuracy;val_loss
0;0.8125;0.5559038370847702;0.625;0.45243752002716064
1;0.5;1.6008969694375992;0.5;0.98814857006073
