epoch;accuracy;loss;val_accuracy;val_loss
0;0.99720746;0.005802668773806425;1.0;5.842293675251909e-07
1;1.0;3.052780709892951e-07;1.0;1.478251722757551e-07
