epoch;accuracy;loss;val_accuracy;val_loss
0;0.46875;0.9033277034759521;0.5;0.6361070275306702
1;0.53125;0.6572445333003998;0.4375;0.7033166289329529
