epoch;accuracy;loss;val_accuracy;val_loss
0;0.65625;0.6598000526428223;1.0;0.4388599991798401
1;1.0;0.38752812147140503;1.0;0.22823932766914368
