epoch;accuracy;loss;val_accuracy;val_loss
0;0.5625;6.391119807958603;1.0;0.35066112875938416
1;0.6875;0.9614610970020294;0.5;0.8837660551071167
