epoch;accuracy;loss;val_accuracy;val_loss
0;0.9976064;0.004587272744932314;1.0;1.0753509486693392e-07
1;1.0;2.0777071639210516e-08;1.0;0.0
