epoch;accuracy;loss;val_accuracy;val_loss
0;0.5;0.7126322686672211;0.4375;0.6856760382652283
1;0.75;0.6698461771011353;0.875;0.6115958094596863
