epoch;accuracy;loss;val_accuracy;val_loss
0;0.5625;1.8657992780208588;0.5;0.7413555383682251
1;0.5625;1.0027262568473816;0.5;0.7714025974273682
