epoch;accuracy;loss;val_accuracy;val_loss
0;0.997828;0.005970973762781254;1.0;2.8522557035693975e-05
1;1.0;1.857999853632625e-05;1.0;1.1849521936588865e-05
