epoch;accuracy;loss;val_accuracy;val_loss
0;0.9973847;0.036218688248149805;1.0;0.0
1;1.0;1.0568198798346976e-11;1.0;0.0
