epoch;accuracy;loss;val_accuracy;val_loss
0;0.40625;9.66378939151764;0.5;6.766594409942627
1;0.53125;5.024123787879944;0.5;0.6915469765663147
