epoch;accuracy;loss;val_accuracy;val_loss
0;0.99547875;0.015789386812318448;1.0;7.180472819492736e-05
1;1.0;1.8579729927467217e-05;1.0;2.3058728423971252e-06
