epoch;accuracy;loss;val_accuracy;val_loss
0;0.9958777;0.0075571388192313665;1.0;5.2171931824626314e-06
1;1.0;3.341936318047019e-06;1.0;2.0317618750856694e-06
