epoch;accuracy;loss;val_accuracy;val_loss
0;0.625;0.694474071264267;0.625;0.6751925945281982
1;0.5;0.7028506398200989;0.5625;0.6673555374145508
