epoch;accuracy;loss;val_accuracy;val_loss
0;0.53125;0.7680472731590271;0.5;1.882225513458252
1;0.46875;1.1934558153152466;0.875;0.4929827153682709
