epoch;accuracy;loss;val_accuracy;val_loss
0;0.28125;3.221726357936859;0.5;1.6911543607711792
1;0.4375;1.3607103824615479;0.5625;0.6132432222366333
