epoch;accuracy;loss;val_accuracy;val_loss
0;0.99791664;0.004828418361154384;1.0;7.574657781628812e-06
1;1.0;5.2727079160099525e-06;1.0;2.8913233803482426e-06
