epoch;accuracy;loss;val_accuracy;val_loss
0;0.46875;1.710615187883377;0.5;0.821128249168396
1;0.5;1.8766695857048035;0.5;0.7377051115036011
