epoch;accuracy;loss;val_accuracy;val_loss
0;0.65625;0.5700382590293884;0.5;1.6716763973236084
1;0.5;1.873486340045929;0.5625;0.6133911609649658
