epoch;accuracy;loss;val_accuracy;val_loss
0;0.99592197;0.011226271932599603;1.0;3.541631829363816e-07
1;1.0;1.7252041995175173e-07;1.0;6.22621624236532e-08
