epoch;accuracy;loss;val_accuracy;val_loss
0;0.46875;0.6890173554420471;0.5;0.6890305280685425
1;0.4375;0.7188360691070557;0.5625;0.6812834143638611
