epoch;accuracy;loss;val_accuracy;val_loss
0;0.5625;0.6881656646728516;0.4375;0.8825027942657471
1;0.40625;0.9618045091629028;0.4375;0.807307779788971
