epoch;accuracy;loss;val_accuracy;val_loss
0;0.9965426;0.01964117343262881;1.0;0.00010873459828802485
1;1.0;7.215744579053077e-05;1.0;4.370431790425321e-05
