epoch;accuracy;loss;val_accuracy;val_loss
0;0.53125;12.607945680618286;0.4375;2.4031264781951904
1;0.46875;6.946048021316528;0.5;7.028486728668213
