epoch;accuracy;loss;val_accuracy;val_loss
0;0.4375;1.6913393139839172;0.5;2.8889832496643066
1;0.5625;2.01842999458313;0.6875;0.4921104609966278
