epoch;accuracy;loss;val_accuracy;val_loss
0;0.5;2.1713195741176605;0.6875;0.5809949636459351
1;0.46875;1.3498121798038483;0.4375;2.1372880935668945
