epoch;accuracy;loss;val_accuracy;val_loss
0;0.46875;8.337179481983185;0.5;3.941427707672119
1;0.6875;0.9487032294273376;0.625;1.6872258186340332
