epoch;accuracy;loss;val_accuracy;val_loss
0;0.4375;3.225278913974762;0.5;0.6891692876815796
1;0.5625;0.9314592480659485;0.5;0.6787275075912476
