epoch;accuracy;loss;val_accuracy;val_loss
0;0.59375;0.6771208047866821;0.5625;0.6718618869781494
1;0.375;0.730085015296936;0.875;0.639435887336731
