epoch;accuracy;loss;val_accuracy;val_loss
0;0.5;0.7959188222885132;0.4375;3.2057719230651855
1;0.375;2.052213340997696;0.5;3.8762242794036865
