epoch;accuracy;loss;val_accuracy;val_loss
0;0.28125;0.6885643005371094;0.3125;0.9002153277397156
1;0.625;0.6519078314304352;0.9375;0.3412295877933502
