epoch;accuracy;loss;val_accuracy;val_loss
0;0.5;0.7603630423545837;0.5625;0.7935085296630859
1;0.40625;0.8820030987262726;0.4375;0.7194241285324097
