epoch;accuracy;loss;val_accuracy;val_loss
0;0.5019531;0.7891072630882263;0.7855903;0.5249657962057326
1;0.6738281;0.5420523881912231;0.8576389;0.40937042236328125
2;0.93359375;0.354998916387558;0.9765625;0.2899600002500746
3;0.9863281;0.23952947556972504;1.0;0.09800356378157933
4;1.0;0.07855133153498173;1.0;0.03676341060135099
5;1.0;0.027136147022247314;1.0;0.006669594026688073
6;1.0;0.004729952430352569;1.0;0.001643850804410047
