epoch;accuracy;loss;val_accuracy;val_loss
0;0.5;0.6565292775630951;0.5;0.538927435874939
1;0.5625;0.563147783279419;1.0;0.1966242492198944
