epoch;accuracy;loss;val_accuracy;val_loss
0;0.9950798;0.01851426216442581;1.0;5.253432479380796e-05
1;1.0;2.4997304193536837e-05;1.0;7.320284638646314e-06
