epoch;accuracy;loss;val_accuracy;val_loss
0;0.53125;0.6586513817310333;0.625;0.6835942268371582
1;0.46875;2.139383852481842;0.4375;0.616553783416748
