epoch;accuracy;loss;val_accuracy;val_loss
0;0.375;5.639900892972946;0.5;1.278921365737915
1;0.46875;1.1992776989936829;0.4375;0.98143470287323
