epoch;accuracy;loss;val_accuracy;val_loss
0;0.53125;1.0552748441696167;0.4375;0.7609071731567383
1;0.5;0.6876418888568878;0.4375;0.8316286206245422
