epoch;accuracy;loss;val_accuracy;val_loss
0;0.375;0.7327289283275604;0.375;0.7282452583312988
1;0.53125;0.6601772904396057;0.875;0.6108037233352661
