epoch;accuracy;loss;val_accuracy;val_loss
0;0.5;1.3957921862602234;0.5;1.8146634101867676
1;0.5;1.629346251487732;0.625;0.6109954714775085
