epoch;accuracy;loss;val_accuracy;val_loss
0;0.9951241;0.015963436654855036;1.0;2.989955877185989e-05
1;1.0;1.9282393665876785e-05;1.0;1.2119496561099136e-05
