epoch;accuracy;loss;val_accuracy;val_loss
0;0.9984486;0.004542581309619923;1.0;2.3824160746461397e-05
1;1.0;1.5341107948820568e-05;1.0;9.851560844833277e-06
