epoch;accuracy;loss;val_accuracy;val_loss
0;0.99853724;0.004311371667594719;1.0;2.5512120837042076e-05
1;1.0;1.5442725195195333e-05;1.0;9.456122813627322e-06
