epoch;accuracy;loss;val_accuracy;val_loss
0;0.9984486;0.005310290300933201;1.0;0.0
1;1.0;9.934105805891882e-10;1.0;0.0
