epoch;accuracy;loss;val_accuracy;val_loss
0;0.46875;0.7013278007507324;0.4375;0.6356624364852905
1;0.5625;0.5760996341705322;1.0;0.3373655676841736
