epoch;accuracy;loss;val_accuracy;val_loss
0;0.997961;0.013472162301677446;1.0;1.9884031748800777e-08
1;1.0;6.4413170157832626e-09;1.0;2.8473554724208734e-09
