epoch;accuracy;loss;val_accuracy;val_loss
0;0.5;0.7114786207675934;0.375;0.6913201212882996
1;0.5625;0.6662833094596863;0.4375;0.6497083902359009
