epoch;accuracy;loss;val_accuracy;val_loss
0;0.9981383;0.007690374461579024;1.0;1.9741662775856008e-08
1;1.0;6.6473967679430586e-09;1.0;2.8473554724208734e-09
