epoch;accuracy;loss;val_accuracy;val_loss
0;0.65625;0.6568489968776703;0.5;0.736836314201355
1;0.75;0.5053098052740097;0.875;0.37894919514656067
