epoch;accuracy;loss;val_accuracy;val_loss
0;0.46875;1.0517079830169678;0.5;0.6007500886917114
1;0.5;0.6637143492698669;1.0;0.2945132851600647
