epoch;accuracy;loss;val_accuracy;val_loss
0;0.5;0.8587256073951721;0.5625;1.2366416454315186
1;0.75;0.9661505222320557;0.625;0.870115339756012
