epoch;accuracy;loss;val_accuracy;val_loss
0;0.99671984;0.01258247048366839;1.0;3.6707128393068943e-07
1;1.0;1.8308865048169007e-07;1.0;7.388886652985885e-08
