epoch;accuracy;loss;val_accuracy;val_loss
0;0.28125;1.4842565059661865;0.4375;0.6988303661346436
1;0.5625;0.6792481541633606;0.4375;0.7587264180183411
