epoch;accuracy;loss;val_accuracy;val_loss
0;0.5;0.7766413390636444;0.875;0.683085560798645
1;0.3125;0.8849914073944092;0.5625;0.8814364075660706
