epoch;accuracy;loss;val_accuracy;val_loss
0;0.48865247;0.7137613790677795;0.5007962;0.693146705247794
1;0.47251773;0.6931602474222792;0.5007962;0.6931470662924895
