epoch;accuracy;loss;val_accuracy;val_loss
0;0.9984486;0.0032926801347749712;1.0;5.694710942013153e-09
1;1.0;2.3514242231834955e-09;1.0;0.0
