epoch;accuracy;loss;val_accuracy;val_loss
0;0.53125;0.9689945578575134;0.5;0.8033319711685181
1;0.375;0.81186243891716;0.5625;0.657265305519104
