epoch;accuracy;loss;val_accuracy;val_loss
0;0.34375;0.8020226955413818;0.5625;0.6751992702484131
1;0.3125;0.7319366633892059;0.4375;0.697921872138977
