epoch;accuracy;loss;val_accuracy;val_loss
0;0.99671984;0.008206475621420965;1.0;0.0
1;1.0;1.2153428177159382e-10;1.0;0.0
