epoch;accuracy;loss;val_accuracy;val_loss
0;0.5;15.486948430538177;0.5;11.890331268310547
1;0.625;5.814774811267853;0.8125;0.3530702590942383
