epoch;accuracy;loss;val_accuracy;val_loss
0;0.375;6.4102157056331635;0.75;0.4960651397705078
1;0.46875;3.427490711212158;0.5625;3.519054412841797
