epoch;accuracy;loss;val_accuracy;val_loss
0;0.53125;0.6624011993408203;0.5;1.4176310300827026
1;0.46875;1.1313825249671936;0.75;0.5304312705993652
