epoch;accuracy;loss;val_accuracy;val_loss
0;0.625;0.6857136785984039;0.375;0.6949239373207092
1;0.9375;0.6458806991577148;0.6875;0.6930376291275024
